,reference_candles,reference_candles,with_first_touch,with_first_touch,first_touch_rate,first_touch_rate,median_hours_to_first,median_hours_to_first,opposite_within_24h,opposite_within_24h,opposite_within_24h_from_activate,opposite_within_24h_from_activate,opposite_within_72h,opposite_within_72h,opposite_within_72h_from_activate,opposite_within_72h_from_activate,opposite_within_120h,opposite_within_120h,opposite_within_120h_from_activate,opposite_within_120h_from_activate,first_side_up_share,first_side_up_share,9PM_opposite_within_72h,9PM_opposite_within_72h,9PM_first_touch_n,9PM_first_touch_n,9AM_opposite_within_72h,9AM_opposite_within_72h,9AM_first_touch_n,9AM_first_touch_n,touch_rate_k2,touch_rate_k2,touch_rate_k2.5,touch_rate_k2.5,touch_rate_k3,touch_rate_k3,touch_rate_k4,touch_rate_k4,touch_rate_k5,touch_rate_k5,null_terminal_1R_rate,null_terminal_1R_rate,null_terminal_2R_rate,null_terminal_2R_rate,null_median_penetration_R,null_median_penetration_R,null_reclaim_rate,null_reclaim_rate
,mean,std,mean,std,mean,std,mean,std,mean,std,mean,std,mean,std,mean,std,mean,std,mean,std,mean,std,mean,std,mean,std,mean,std,mean,std,mean,std,mean,std,mean,std,mean,std,mean,std,mean,std,mean,std,mean,std,mean,std
scenario,,,,,,,,,,,,,,,,,,,,,,,,,,,,,,,,,,,,,,,,,,,,,,,,
bull_drift_15pct,1288.0,0.0,1261.375,5.604526232048026,0.9793284161490683,0.004351340242273315,10.672916666666667,0.35236587001184755,0.12307325624415855,0.011115990094014776,0.06748811392194544,0.01020919187752021,0.28285545598193335,0.014756843503105462,0.22626337069109217,0.015080305764918029,0.38978799936210884,0.01562548737259301,0.3465716246724384,0.013818396164229514,0.5264912150612737,0.01592577829576235,0.28444167898296036,0.021207721575183275,629.875,3.907410541887945,0.2812474592804982,0.020339928628130003,631.5,3.116774889895918,0.757327251552795,0.009733625615219933,0.7128784937888198,0.008717356048503535,0.671486801242236,0.00581650778873124,0.5931191770186336,0.0063430078453159625,0.5187305900621118,0.010535144988440917,0.10309860044964947,0.005664505715130813,0.0923351134509248,0.005026612957916742,2.638656444962396,0.10745093174116833,1.0,0.0
fat_tails_t4,1288.0,0.0,1260.75,5.800246300189072,0.9788431677018634,0.004503296816916985,10.325,0.3815174380753198,0.13123214988050252,0.014570376002394149,0.06879162740986547,0.007401283512098986,0.29202759403871714,0.01815818476251876,0.23433514515773055,0.016411737871538688,0.40139287354436587,0.018789199887275652,0.35529635450899966,0.017136656443821147,0.5011081726939761,0.028946820394580377,0.2976338561362133,0.019449599508163506,631.125,3.3567628964311615,0.286367013325153,0.02539456807331809,629.625,3.814914340921883,0.7599475931677019,0.010420469310012073,0.7147224378881988,0.011503561326795139,0.6738645186335404,0.014250403481933233,0.5898194875776397,0.011114262829508689,0.5139751552795031,0.009358270481649448,0.10666847602781898,0.008924863736132273,0.09572300869751678,0.008035272776495291,2.587162196778486,0.11804756481391752,1.0,0.0
gbm_baseline,1288.0,0.0,1261.125,4.051013982414074,0.9791343167701864,0.0031451971913152472,10.45625,0.2549801579581857,0.12589519542170957,0.010432188600488924,0.0683047804542007,0.008495806825414096,0.2811075882070544,0.01017278999251543,0.22748505204758662,0.008651579449134344,0.3924245314475514,0.014788230020459541,0.34573638340688395,0.008280645902355117,0.5002981767370493,0.025217936434866927,0.2767681133038928,0.018801206409430553,631.5,3.070597894314962,0.28550008421141476,0.017917087301860066,629.625,2.924648941081886,0.7602872670807453,0.010091034516232066,0.718167701863354,0.009975165086333978,0.6743497670807453,0.009850150764089028,0.5905473602484472,0.005417921302551174,0.5149941770186335,0.004342363610480817,0.10320366259596717,0.006087619885277673,0.0932186299320108,0.005590503087533664,2.583621765064932,0.06489938737053359,1.0,0.0
gbm_high_vol,1288.0,0.0,1263.375,7.288689868556634,0.9808812111801242,0.005658920705401113,10.492708333333333,0.20346392664166355,0.12318591738904591,0.0052277804266797736,0.06729702752149598,0.0049966628892565545,0.28850093254966397,0.014313479519014497,0.23201544704814453,0.010796519618130905,0.3994273250765759,0.018427612440858943,0.3520312148359888,0.017078878515215893,0.49664663097259343,0.01638698970577374,0.2875762359577954,0.014181129356950296,630.75,4.743416490252588,0.28942344013872295,0.019250127292554285,632.625,4.172614801981405,0.7643633540372671,0.01360200079767927,0.7184103260869565,0.012976589216779456,0.6739130434782609,0.013092307827585704,0.5912752329192547,0.012847372389493215,0.5143148291925466,0.012700749928691232,0.10932663213303534,0.005697726037686988,0.09787439029141269,0.0048088045541834915,2.5614316548245726,0.13584600819945164,1.0,0.0
gbm_low_vol,1288.0,0.0,1261.5,4.956957592256413,0.9794254658385093,0.0038485695592053123,11.058333333333334,0.46887233853285637,0.11891170982971974,0.01163961534839941,0.063629150267933,0.009843174940992114,0.27584045469996926,0.018250270709517492,0.22232069527299783,0.018854193261644035,0.3927340950742326,0.01832127693293061,0.34301150238313993,0.01841089282857289,0.5119904461565816,0.01564651648099735,0.2724161982351525,0.022974132211783637,631.375,1.187734939165413,0.27925754558205923,0.019936301500103518,630.125,5.1391355582154405,0.7601902173913043,0.010749571379525234,0.7163722826086957,0.010241255232045172,0.671875,0.00850184400241895,0.5895283385093167,0.008325774180395002,0.515916149068323,0.009025695656636608,0.1056223224777491,0.007671619354278346,0.09386193775193719,0.006530693760415661,2.5816438222724023,0.14351765017236037,1.0,0.0
seasonal_fat_bull,1288.0,0.0,1220.625,11.03161042511148,0.9476902173913043,0.008564914926328809,14.372916666666667,0.7192471538031754,0.08061735834362019,0.007594861826032981,0.0370957210255384,0.004113180923679149,0.21583502535965077,0.013036873052601296,0.1617732980288877,0.007168258812543592,0.31606287979452496,0.016001376295254183,0.26085786910870745,0.013799760415309873,0.517966168645628,0.021510675891844484,0.25705894337918717,0.016169326403181708,626.125,6.706872807586467,0.17239009703143388,0.01716283569325581,594.5,5.830951894845321,0.7153047360248448,0.011036510872433713,0.6665372670807453,0.010907131812167554,0.6191770186335404,0.00937665609953367,0.5294545807453416,0.008807034927085506,0.4469623447204969,0.009374216336213706,0.11277360303060202,0.008040839639214849,0.09763914954425275,0.006479782746219498,2.2778361540541985,0.08897480397034907,1.0,0.0
vol_seasonality,1288.0,0.0,1215.625,7.818247885555956,0.9438082298136646,0.006070068234127294,14.629166666666666,0.514376645400366,0.07793662052162388,0.007769945947822326,0.03691755847279488,0.006418505240939166,0.21852912163721783,0.01822135730546827,0.15867942112224043,0.011142947556294292,0.32309511911519634,0.015741332063461344,0.2700329887049706,0.019932720778156193,0.5056197492439963,0.021758832005950423,0.25829542047380655,0.021259762695848086,626.25,4.432026302139592,0.17635936689362003,0.019885249659998577,589.375,8.700369450283622,0.7155958850931677,0.0068693083731314036,0.6602775621118012,0.006757135964652593,0.609375,0.006577322345719591,0.5150912267080745,0.009491751650824392,0.43526785714285715,0.011030291436085915,0.1285787495269858,0.005326301454860535,0.1115307126310057,0.0056717200329661,2.123523880409418,0.06631794972978375,1.0,0.0
