reference_candles,with_first_touch,first_touch_rate,median_hours_to_first,opposite_within_24h,opposite_within_24h_from_activate,opposite_within_72h,opposite_within_72h_from_activate,opposite_within_120h,opposite_within_120h_from_activate,first_side_up_share,9PM_opposite_within_72h,9PM_first_touch_n,9AM_opposite_within_72h,9AM_first_touch_n,touch_rate_k2,touch_rate_k2.5,touch_rate_k3,touch_rate_k4,touch_rate_k5,null_terminal_1R_rate,null_terminal_2R_rate,null_median_penetration_R,null_reclaim_rate,scenario,rep
1288,1258,0.9767080745341615,10.625,0.1192368839427663,0.0643879173290938,0.2845786963434022,0.2289348171701113,0.4093799682034976,0.3600953895071542,0.5190779014308426,0.26224328593996843,633,0.3072,625,0.7682453416149069,0.7309782608695652,0.6851708074534162,0.5904503105590062,0.5135869565217391,0.09943034697048161,0.08881408596582081,2.5340668439047676,1.0,gbm_baseline,0
1288,1260,0.9782608695652174,10.975,0.1246031746031746,0.06349206349206349,0.28095238095238095,0.2253968253968254,0.396031746031746,0.3476190476190476,0.5055555555555555,0.28662420382165604,628,0.27531645569620256,632,0.7569875776397516,0.7104037267080745,0.6684782608695652,0.5908385093167702,0.5124223602484472,0.11005291005291006,0.09841269841269841,2.534819275909502,1.0,gbm_baseline,1
1288,1257,0.9759316770186336,10.416666666666666,0.14160700079554495,0.07239459029435164,0.29832935560859186,0.2394590294351631,0.4144789180588703,0.35481304693715193,0.48687350835322196,0.28821656050955413,628,0.30842607313195547,629,0.7717391304347826,0.7286490683229814,0.6828416149068323,0.5954968944099379,0.5205745341614907,0.10789133247089262,0.10090556274256145,2.50457605940548,1.0,gbm_baseline,2
1288,1261,0.9790372670807453,10.183333333333334,0.14195083267248215,0.08326724821570182,0.28865979381443296,0.24028548770816813,0.3917525773195876,0.3473433782712133,0.4845360824742268,0.3090332805071315,631,0.26825396825396824,630,0.7538819875776398,0.7138975155279503,0.6634316770186336,0.5811335403726708,0.5069875776397516,0.11108172441153134,0.09865115048928855,2.5449834264933187,1.0,gbm_baseline,3
1288,1263,0.9805900621118012,10.516666666666667,0.11797307996832937,0.06096595407759303,0.2676167854315123,0.21694378463974665,0.3950910530482977,0.3404592240696754,0.5043547110055424,0.26031746031746034,630,0.27488151658767773,633,0.7752329192546584,0.7278726708074534,0.6875,0.5970496894409938,0.515527950310559,0.09891528925619834,0.0893595041322314,2.654408730012316,1.0,gbm_baseline,4
1288,1270,0.9860248447204969,10.333333333333332,0.11496062992125984,0.05669291338582677,0.28188976377952757,0.22440944881889763,0.384251968503937,0.33937007874015745,0.5464566929133858,0.25902668759811615,637,0.3048973143759874,633,0.7562111801242236,0.718167701863354,0.6739130434782609,0.595108695652174,0.5201863354037267,0.09794628751974724,0.08715113217482885,2.580907959352988,1.0,gbm_baseline,5
1288,1261,0.9790372670807453,10.216666666666667,0.12053925455987312,0.07295796986518636,0.26804123711340205,0.21808088818398097,0.3758921490880254,0.337827121332276,0.49325931800158607,0.26025236593059936,634,0.2759170653907496,627,0.7527173913043478,0.7115683229813664,0.671583850931677,0.5888975155279503,0.515916149068323,0.09517497348886532,0.08775185577942736,2.6792799531976237,1.0,gbm_baseline,6
1288,1259,0.9774844720496895,10.383333333333333,0.12629070691024621,0.07227958697378872,0.27879269261318507,0.22637013502779985,0.3725178713264496,0.3383637807783956,0.46227164416203337,0.2884310618066561,631,0.26910828025477707,628,0.7472826086956522,0.7038043478260869,0.6618788819875776,0.5854037267080745,0.514751552795031,0.10513643659711075,0.09470304975922954,2.6359318722434577,1.0,gbm_baseline,7
1288,1265,0.9821428571428571,11.45,0.12490118577075099,0.057707509881422925,0.2940711462450593,0.24347826086956523,0.4189723320158103,0.3660079051383399,0.5280632411067193,0.2859399684044234,633,0.3022151898734177,632,0.7756211180124224,0.7317546583850931,0.6824534161490683,0.593167701863354,0.5135869565217391,0.10996652073139325,0.09889260880762298,2.45982628962109,1.0,gbm_low_vol,0
1288,1256,0.9751552795031055,11.5,0.11942675159235669,0.0660828025477707,0.25796178343949044,0.2054140127388535,0.36942675159235666,0.32563694267515925,0.5119426751592356,0.24247226624405704,631,0.2736,625,0.7507763975155279,0.7072981366459627,0.6657608695652174,0.5826863354037267,0.5085403726708074,0.10782747603833866,0.09611288604898828,2.536765703763689,1.0,gbm_low_vol,1
1288,1267,0.9836956521739131,10.55,0.10891870560378848,0.06156274664561957,0.26992896606156275,0.22415153906866614,0.4048934490923441,0.34964483030781374,0.49171270718232046,0.25356576862123614,631,0.2861635220125786,636,0.7612577639751553,0.7239906832298136,0.6739130434782609,0.6001552795031055,0.5291149068322981,0.09722948248823837,0.08572922111866178,2.7698192499516434,1.0,gbm_low_vol,2
1288,1257,0.9759316770186336,11.016666666666667,0.11455847255369929,0.061256961018297536,0.27764518695306284,0.2060461416070008,0.3731105807478122,0.3221957040572792,0.5091487669053302,0.2717219589257504,633,0.28365384615384615,624,0.7565993788819876,0.7154503105590062,0.6762422360248447,0.593167701863354,0.5225155279503105,0.09124472573839662,0.08201476793248945,2.842982482527505,1.0,gbm_low_vol,3
1288,1256,0.9751552795031055,10.25,0.1393312101910828,0.08598726114649681,0.2921974522292994,0.23964968152866242,0.392515923566879,0.3622611464968153,0.49363057324840764,0.3090332805071315,631,0.2752,625,0.7612577639751553,0.7166149068322981,0.6708074534161491,0.5826863354037267,0.5108695652173914,0.11452587339112162,0.09981612818492251,2.4715011624825434,1.0,gbm_low_vol,4
1288,1259,0.9774844720496895,11.383333333333333,0.10246227164416204,0.05321683876092136,0.24305003971405878,0.1938046068308181,0.374900714853058,0.3193010325655282,0.5353455123113582,0.2507936507936508,630,0.23529411764705882,629,0.7430124223602484,0.6987577639751553,0.656832298136646,0.5791925465838509,0.5097049689440993,0.11012385568120625,0.09881529348411416,2.5164139110394586,1.0,gbm_low_vol,5
1288,1265,0.9821428571428571,11.433333333333334,0.11383399209486166,0.05928853754940711,0.2790513833992095,0.22450592885375495,0.4015810276679842,0.34466403162055337,0.5217391304347826,0.2721518987341772,632,0.2859399684044234,633,0.7597049689440993,0.7142857142857143,0.6677018633540373,0.5846273291925466,0.5058229813664596,0.10508296023176192,0.094548327627074,2.5008920731993842,1.0,gbm_low_vol,6
1288,1267,0.9836956521739131,10.883333333333333,0.12786108918705605,0.06393054459352802,0.292817679558011,0.24151539068666142,0.4064719810576164,0.35438042620363064,0.5043409629044988,0.29365079365079366,630,0.29199372056514916,637,0.7732919254658385,0.7228260869565217,0.6812888198757764,0.6005434782608695,0.5271739130434783,0.10897768552153607,0.09496626881162429,2.554949705593904,1.0,gbm_low_vol,7
1288,1256,0.9751552795031055,10.408333333333333,0.125,0.07085987261146497,0.28503184713375795,0.22452229299363058,0.42754777070063693,0.37579617834394907,0.4896496815286624,0.28,625,0.2900158478605388,631,0.781832298136646,0.7247670807453416,0.6805124223602484,0.59472049689441,0.515916149068323,0.11543416645194537,0.10229322339603195,2.471638956073301,1.0,gbm_high_vol,0
1288,1266,0.9829192546583851,10.666666666666666,0.12480252764612954,0.05924170616113744,0.2764612954186414,0.22669826224328593,0.3909952606635071,0.344391785150079,0.5126382306477093,0.2737341772151899,632,0.27917981072555204,634,0.7593167701863354,0.7212732919254659,0.6789596273291926,0.6028726708074534,0.53222049689441,0.09937073938122706,0.09098059779758784,2.8502982432375634,1.0,gbm_high_vol,1
1288,1253,0.9728260869565217,10.55,0.12130885873902633,0.07023144453312051,0.28890662410215484,0.23543495610534718,0.4022346368715084,0.35275339185953714,0.4860335195530726,0.30064308681672025,622,0.277337559429477,631,0.7756211180124224,0.7356366459627329,0.6863354037267081,0.6024844720496895,0.5139751552795031,0.1045466221423067,0.09350115592088364,2.645666587215835,1.0,gbm_high_vol,2
1288,1274,0.9891304347826086,10.533333333333335,0.12637362637362637,0.06593406593406594,0.30612244897959184,0.24175824175824176,0.41836734693877553,0.3649921507064364,0.5047095761381476,0.28976377952755905,635,0.3223787167449139,639,0.7736801242236024,0.7294254658385093,0.6913819875776398,0.6079192546583851,0.530667701863354,0.10666322314049587,0.09400826446280992,2.56309920489433,1.0,gbm_high_vol,3
1288,1264,0.9813664596273292,10.708333333333332,0.11629746835443038,0.06962025316455696,0.26186708860759494,0.21281645569620253,0.3670886075949367,0.3188291139240506,0.5245253164556962,0.2669826224328594,633,0.25673534072900156,631,0.7418478260869565,0.6983695652173914,0.655667701863354,0.5733695652173914,0.4953416149068323,0.10970350404312669,0.09757412398921833,2.450821627937584,1.0,gbm_high_vol,4
1288,1271,0.9868012422360248,10.466666666666667,0.11487018095987411,0.06058221872541306,0.2903225806451613,0.22895357985837922,0.4012588512981904,0.35877261998426435,0.4972462627852085,0.28188976377952757,635,0.29874213836477986,636,0.7717391304347826,0.7239906832298136,0.6762422360248447,0.5888975155279503,0.5163043478260869,0.10978458344147418,0.09888398650402284,2.534337688191992,1.0,gbm_high_vol,5
1288,1265,0.9821428571428571,10.05,0.12885375494071147,0.06877470355731226,0.29802371541501976,0.24110671936758893,0.3984189723320158,0.35731225296442687,0.48142292490118577,0.30427892234548337,631,0.2917981072555205,634,0.7515527950310559,0.7041925465838509,0.6595496894409938,0.5764751552795031,0.5062111801242236,0.11626666666666667,0.10506666666666667,2.545936623801526,1.0,gbm_high_vol,6
1288,1258,0.9767080745341615,10.558333333333334,0.12798092209856915,0.07313195548489666,0.30127186009538953,0.24483306836248012,0.38950715421303655,0.34340222575516693,0.4769475357710652,0.3033175355450237,633,0.2992,625,0.7593167701863354,0.7096273291925466,0.6626552795031055,0.5834627329192547,0.5038819875776398,0.11284355179704017,0.10068710359408034,2.4296543072444488,1.0,gbm_high_vol,7
1288,1265,0.9821428571428571,10.216666666666667,0.14071146245059288,0.06561264822134387,0.3130434782608696,0.2490118577075099,0.4189723320158103,0.37628458498023715,0.48616600790513836,0.31121642969984203,633,0.314873417721519,632,0.7760093167701864,0.7298136645962733,0.6890527950310559,0.5993788819875776,0.5182453416149069,0.11420469193091003,0.10569734467646301,2.454174320059033,1.0,fat_tails_t4,0
1288,1249,0.96972049689441,10.65,0.12489991993594876,0.06244995996797438,0.27061649319455566,0.2145716573258607,0.3875100080064051,0.3418734987990392,0.5260208166533227,0.2939297124600639,626,0.24719101123595505,623,0.7531055900621118,0.7080745341614907,0.6638198757763976,0.5842391304347826,0.5062111801242236,0.11211477151965994,0.09829968119022317,2.5213742545372755,1.0,fat_tails_t4,1
1288,1263,0.9805900621118012,10.216666666666667,0.13460015835312747,0.07363420427553444,0.2921615201900237,0.23119556611243072,0.4117181314330958,0.36342042755344417,0.46318289786223277,0.27099841521394613,631,0.31329113924050633,632,0.7635869565217391,0.7123447204968945,0.6661490683229814,0.578027950310559,0.5,0.1167806417674908,0.10310362966859547,2.449576116612071,1.0,fat_tails_t4,2
1288,1261,0.9790372670807453,9.55,0.13005551149881048,0.06502775574940524,0.3045202220459952,0.253766851704996,0.40602696272799366,0.36399682791435367,0.5471847739888978,0.31170886075949367,632,0.2972972972972973,629,0.7608695652173914,0.7232142857142857,0.6898291925465838,0.6071428571428571,0.5248447204968945,0.08945854041328799,0.0805650013078734,2.8016903872423544,1.0,fat_tails_t4,3
1288,1259,0.9774844720496895,10.233333333333333,0.12867355043685463,0.07704527402700556,0.2811755361397935,0.23193010325655283,0.39237490071485304,0.3494837172359015,0.49563145353455124,0.28115015974440893,626,0.2812006319115324,633,0.7631987577639752,0.7204968944099379,0.6828416149068323,0.6005434782608695,0.5244565217391305,0.0999476713762428,0.09183673469387756,2.670516377080965,1.0,fat_tails_t4,4
1288,1261,0.9790372670807453,10.766666666666667,0.11816019032513878,0.0626486915146709,0.28628072957969863,0.22521808088818399,0.3774781919111816,0.3338620142743854,0.48136399682791436,0.296998420221169,633,0.2754777070063694,628,0.7449534161490683,0.6968167701863354,0.656832298136646,0.5795807453416149,0.5042701863354038,0.10339256865912763,0.0918147549811524,2.609966499131649,1.0,fat_tails_t4,5
1288,1259,0.9774844720496895,10.616666666666667,0.11278792692613185,0.06274821286735505,0.2708498808578237,0.21445591739475775,0.3852263701350278,0.3367752184273233,0.48212867355043687,0.2843601895734597,633,0.2571884984025559,626,0.7488354037267081,0.703027950310559,0.65722049689441,0.5807453416149069,0.5166925465838509,0.10668449197860963,0.09358288770053476,2.633662959657982,1.0,fat_tails_t4,6
1288,1269,0.985248447204969,10.35,0.1599684791174153,0.08116627265563436,0.31757289204097716,0.2545311268715524,0.4318360914105595,0.37667454688731283,0.5271867612293144,0.33070866141732286,635,0.30441640378548895,634,0.7690217391304348,0.7239906832298136,0.6851708074534162,0.5888975155279503,0.5170807453416149,0.11076443057722309,0.10088403536141445,2.5563366599065604,1.0,fat_tails_t4,7
1288,1202,0.9332298136645962,15.316666666666666,0.06905158069883527,0.029118136439267885,0.2237936772046589,0.15557404326123128,0.3286189683860233,0.2703826955074875,0.5099833610648918,0.24522292993630573,628,0.20034843205574912,574,0.7208850931677019,0.6649844720496895,0.609083850931677,0.5015527950310559,0.41653726708074534,0.13249299719887955,0.11148459383753502,2.0518824236699524,1.0,vol_seasonality,0
1288,1217,0.9448757763975155,14.95,0.07066557107641742,0.03368940016433854,0.21281840591618734,0.15119145439605589,0.31388660640920296,0.25554642563681185,0.49548069022185703,0.2572347266881029,622,0.16638655462184873,595,0.7170031055900621,0.656832298136646,0.6044254658385093,0.5131987577639752,0.4277950310559006,0.1347838372421588,0.11952528962983894,2.1275925342358413,1.0,vol_seasonality,1
1288,1212,0.9409937888198758,15.0,0.08003300330033003,0.038778877887788776,0.22194719471947194,0.16254125412541254,0.3193069306930693,0.2706270627062706,0.5387788778877888,0.2662440570522979,631,0.1738382099827883,581,0.7131211180124224,0.65722049689441,0.6036490683229814,0.515527950310559,0.4340062111801242,0.13002832861189803,0.11614730878186968,2.083406648296747,1.0,vol_seasonality,2
1288,1221,0.9479813664596274,14.333333333333334,0.0728910728910729,0.031122031122031123,0.19656019656019655,0.15233415233415235,0.3013923013923014,0.24733824733824733,0.5167895167895168,0.2419871794871795,624,0.1490787269681742,597,0.7045807453416149,0.6502329192546584,0.5997670807453416,0.5050465838509317,0.4320652173913043,0.12693409742120343,0.11604584527220631,2.1568762392879473,1.0,vol_seasonality,3
1288,1227,0.952639751552795,14.633333333333333,0.07334963325183375,0.03178484107579462,0.20211898940505296,0.1466992665036675,0.3186634066829666,0.25998370008149957,0.5093724531377343,0.23248407643312102,628,0.17028380634390652,599,0.7100155279503105,0.65527950310559,0.6121894409937888,0.5221273291925466,0.4417701863354037,0.12226329257890248,0.10548763150412283,2.1449139819415977,1.0,vol_seasonality,4
1288,1211,0.9402173913043478,14.116666666666667,0.08009909165978531,0.042939719240297276,0.20396366639141206,0.15441783649876134,0.31213872832369943,0.25681255161023947,0.518579686209744,0.24600638977635783,626,0.15897435897435896,585,0.7119565217391305,0.6599378881987578,0.6137422360248447,0.5252329192546584,0.4472049689440994,0.12676853423882287,0.10582908885116016,2.204575812014012,1.0,vol_seasonality,5
1288,1222,0.9487577639751553,14.9,0.09001636661211129,0.04091653027823241,0.2479541734860884,0.16448445171849427,0.34615384615384615,0.3019639934533552,0.48936170212765956,0.28639240506329117,632,0.20677966101694914,590,0.7232142857142857,0.6700310559006211,0.6118012422360248,0.5100931677018633,0.4320652173913043,0.13457787684591807,0.11312343271106158,2.0214552566603787,1.0,vol_seasonality,6
1288,1213,0.9417701863354038,13.783333333333333,0.08738664468260511,0.04699093157460841,0.23907666941467437,0.18219291014014838,0.3446001648804617,0.29760923330585326,0.4666117065127782,0.29079159935379645,619,0.18518518518518517,594,0.7239906832298136,0.6677018633540373,0.6203416149068323,0.5279503105590062,0.45069875776397517,0.1207810320781032,0.10460251046025104,2.197488147168868,1.0,vol_seasonality,7
1288,1256,0.9751552795031055,10.508333333333333,0.13136942675159236,0.07404458598726114,0.28343949044585987,0.22531847133757962,0.3853503184713376,0.34235668789808915,0.5326433121019108,0.2944,625,0.27258320126782887,631,0.7534937888198758,0.7088509316770186,0.672748447204969,0.5888975155279503,0.5085403726708074,0.10618529333687285,0.09317759490310593,2.52887861334553,1.0,bull_drift_15pct,0
1288,1262,0.9798136645962733,10.591666666666667,0.12282091917591126,0.07369255150554675,0.28526148969889065,0.22345483359746435,0.40332805071315375,0.3549920760697306,0.5237717908082409,0.2914012738853503,628,0.27917981072555204,634,0.7554347826086957,0.7072981366459627,0.6692546583850931,0.5982142857142857,0.5229037267080745,0.10615711252653928,0.09474522292993631,2.661963504930269,1.0,bull_drift_15pct,1
1288,1258,0.9767080745341615,10.691666666666666,0.11844197138314785,0.05564387917329094,0.2718600953895072,0.2138314785373609,0.38553259141494434,0.34022257551669316,0.5492845786963434,0.26910828025477707,628,0.2746031746031746,630,0.7550465838509317,0.7084627329192547,0.6680900621118012,0.6005434782608695,0.5244565217391305,0.1,0.09151193633952255,2.6424613294987855,1.0,bull_drift_15pct,2
1288,1255,0.9743788819875776,11.15,0.11792828685258964,0.06932270916334661,0.3075697211155379,0.250996015936255,0.40796812749003986,0.3601593625498008,0.503585657370518,0.3248407643312102,628,0.2902711323763955,627,0.7783385093167702,0.7321428571428571,0.6820652173913043,0.594332298136646,0.5232919254658385,0.10665638653302494,0.09611924955024416,2.6424736945320144,1.0,bull_drift_15pct,3
1288,1262,0.9798136645962733,11.100000000000001,0.10380348652931855,0.05150554675118859,0.26465927099841524,0.20998415213946117,0.37321711568938193,0.3312202852614897,0.5142630744849446,0.27129337539432175,634,0.25796178343949044,628,0.7577639751552795,0.718167701863354,0.6766304347826086,0.593944099378882,0.529891304347826,0.09416096791162545,0.08442924776433457,2.7347884058847978,1.0,bull_drift_15pct,4
1288,1270,0.9860248447204969,10.741666666666667,0.1188976377952756,0.06062992125984252,0.268503937007874,0.21023622047244095,0.36850393700787404,0.3291338582677165,0.5228346456692914,0.279874213836478,636,0.25709779179810727,634,0.7437888198757764,0.7049689440993789,0.6638198757763976,0.5877329192546584,0.5100931677018633,0.09860664523043944,0.08708467309753483,2.64974313909802,1.0,bull_drift_15pct,5
1288,1269,0.985248447204969,10.566666666666666,0.14026792750197006,0.07722616233254531,0.28289992119779356,0.235618597320725,0.38455476753349094,0.3459416863672183,0.5476753349093775,0.25434439178515006,633,0.3113207547169811,636,0.7600931677018633,0.7115683229813664,0.672360248447205,0.5989906832298136,0.5291149068322981,0.10102875230809813,0.09126879451332102,2.7953950764368707,1.0,bull_drift_15pct,6
1288,1259,0.9774844720496895,10.033333333333333,0.13105639396346305,0.0778395552025417,0.29864972200158857,0.24066719618745036,0.40984908657664815,0.36854646544876885,0.5178713264495631,0.2902711323763955,627,0.3069620253164557,632,0.7546583850931677,0.7115683229813664,0.6669254658385093,0.5822981366459627,0.5015527950310559,0.11199364575059571,0.100344188509399,2.4535477959728813,1.0,bull_drift_15pct,7
1288,1221,0.9479813664596274,14.433333333333334,0.06797706797706797,0.03521703521703522,0.2203112203112203,0.1638001638001638,0.3144963144963145,0.257985257985258,0.4914004914004914,0.2679425837320574,627,0.17003367003367004,594,0.7224378881987578,0.6739130434782609,0.625388198757764,0.530667701863354,0.4448757763975155,0.09952738393105366,0.08590492076730609,2.3850371974917652,1.0,seasonal_fat_bull,0
1288,1218,0.9456521739130435,13.491666666666667,0.08374384236453201,0.04351395730706076,0.22495894909688013,0.16995073891625614,0.3251231527093596,0.27257799671592775,0.5344827586206896,0.27821939586645467,629,0.16808149405772496,589,0.7138975155279503,0.6645962732919255,0.6141304347826086,0.5217391304347826,0.4437111801242236,0.1255984229794424,0.10926499577583779,2.16288383877758,1.0,seasonal_fat_bull,1
1288,1225,0.9510869565217391,15.25,0.07020408163265306,0.035918367346938776,0.1893877551020408,0.15428571428571428,0.2938775510204082,0.24571428571428572,0.4906122448979592,0.2396825396825397,630,0.1361344537815126,595,0.7158385093167702,0.6700310559006211,0.6222826086956522,0.5287267080745341,0.453804347826087,0.10952380952380952,0.09803921568627451,2.303757742506741,1.0,seasonal_fat_bull,2
1288,1200,0.9316770186335404,14.833333333333334,0.09,0.0425,0.205,0.15083333333333335,0.3025,0.24166666666666667,0.5016666666666667,0.238562091503268,612,0.17006802721088435,588,0.6987577639751553,0.6545031055900621,0.6141304347826086,0.5291149068322981,0.44875776397515527,0.10671256454388985,0.09495123350545037,2.3525943709695936,1.0,seasonal_fat_bull,3
1288,1226,0.9518633540372671,15.100000000000001,0.08238172920065252,0.03262642740619902,0.2267536704730832,0.16802610114192496,0.33115823817292006,0.2732463295269168,0.533442088091354,0.2698412698412698,630,0.18120805369127516,596,0.720108695652174,0.6673136645962733,0.6168478260869565,0.5287267080745341,0.4483695652173913,0.11471740346950196,0.09681029658645775,2.2486688466691795,1.0,seasonal_fat_bull,4
1288,1238,0.9611801242236024,13.341666666666667,0.0815831987075929,0.03231017770597738,0.22778675282714056,0.1680129240710824,0.34168012924071084,0.28109854604200324,0.5121163166397416,0.2634069400630915,634,0.19039735099337748,604,0.735248447204969,0.687111801242236,0.6374223602484472,0.5458074534161491,0.45729813664596275,0.11353711790393013,0.09798034934497817,2.354101197847084,1.0,seasonal_fat_bull,5
1288,1224,0.9503105590062112,14.616666666666667,0.0857843137254902,0.03758169934640523,0.2181372549019608,0.15604575163398693,0.30392156862745096,0.2565359477124183,0.5408496732026143,0.26163723916532905,623,0.17304492512479203,601,0.7084627329192547,0.6537267080745341,0.6059782608695652,0.515916149068323,0.4266304347826087,0.12054716443431177,0.10116842405243659,2.144664389097194,1.0,seasonal_fat_bull,6
1288,1213,0.9417701863354038,13.916666666666666,0.0832646331409728,0.03709810387469085,0.21434460016488047,0.16323165704863973,0.31574608408903543,0.258037922506183,0.5391591096455071,0.23717948717948717,624,0.19015280135823429,589,0.7076863354037267,0.6611024844720497,0.6172360248447205,0.5349378881987578,0.45225155279503104,0.11202495745887692,0.09699376063528077,2.2709816490744497,1.0,seasonal_fat_bull,7
